NC_019843.3	RefSeq	CDS	279,13433;13433,21514	orf1ab	1AB polyprotein	YP_009047202.1	MSFVAGVTAQGARGTYRAALNSEKHQDHVSLTVPLCGSGNLVEKLSPWFMDGENAYEVVKAMLLKKEPLLYVPIRLAGHTRHLPGPRVYLVERLIACENPFMVNQLAYSSSANGSLVGTTLQGKPIGMFFPYDIELVTGKQNILLRKYGRGGYHYTPFHYERDNTSCPEWMDDFEADPKGKYAQNLLKKLIGGDVTPVDQYMCGVDGKPISAYAFLMAKDGITKLADVEADVAARADDEGFITLKNNLYRLVWHVERKDVPYPKQSIFTINSVVQKDGVENTPPHYFTLGCKILTLTPRNKWSGVSDLSLKQKLLYTFYGKESLENPTYIYHSAFIECGSCGNDSWLTGNAIQGFACGCGASYTANDVEVQSSGMIKPNALLCATCPFAKGDSCSSNCKHSVAQLVSYLSERCNVIADSKSFTLIFGGVAYAYFGCEEGTMYFVPRAKSVVSRIGDSIFTGCTGSWNKVTQIANMFLEQTQHSLNFVGEFVVNDVVLAILSGTTTNVDKIRQLLKGVTLDKLRDYLADYDVAVTAGPFMDNAINVGGTGLQYAAITAPYVVLTGLGESFKKVATIPYKVCNSVKDTLAYYAHSVLYRVFPYDMDSGVSSFSELLFDCVDLSVASTYFLVRILQDKTGDFMSTIITSCQTAVSKLLDTCFEATEATFNFLLDLAGLFRIFLRNAYVYTSQGFVVVNGKVSTLVKQVLDLLNKGMQLLHTKVSWAGSKIIAVIYSGRESLIFPSGTYYCVTTKAKSVQQDLDVILPGEFSKKQLGLLQPTDNSTTVSVTVSSNMVETVVGQLEQTNMHSPDVIVGDYVIISEKLFVRSKEEDGFAFYPACTNGHAVPTLFRLKGGAPVKKVAFGGDQVHEVAAVRSVTVEYNIHAVLDTLLASSSLRTFVVDKSLSIEEFADVVKEQVSDLLVKLLRGMPIPDFDLDDFIDAPCYCFNAEGDASWSSTMIFSLHPVECDEECSEVEASDLEEGESECISETSTEQVDVSHETSDDEWAAAVDEAFPLDEAEDVTESVQEEAQPVEVPVEDIAQVVIADTLQETPVVPDTVEVPPQVVKLPSAPQTIQPEVKEVAPVYEADTEQTQNVTVKPKRLRKKRNVDPLSNFEHKVITECVTIVLGDAIQVAKCYGESVLVNAANTHLKHGGGIAGAINAASKGAVQKESDEYILAKGPLQVGDSVLLQGHSLAKNILHVVGPDARAKQDVSLLSKCYKAMNAYPLVVTPLVSAGIFGVKPAVSFDYLIREAKTRVLVVVNSQDVYKSLTIVDIPQSLTFSYDGLRGAIRKAKDYGFTVFVCTDNSANTKVLRNKGVDYTKKFLTVDGVQYYCYTSKDTLDDILQQANKSVGIISMPLGYVSHGLDLMQAGSVVRRVNVPYVCLLANKEQEAILMSEDVKLNPSEDFIKHVRTNGGYNSWHLVEGELLVQDLRLNKLLHWSDQTICYKDSVFYVVKNSTAFPFETLSACRAYLDSRTTQQLTIEVLVTVDGVNFRTVVLNNKNTYRSQLGCVFFNGADISDTIPDEKQNGHSLYLADNLTADETKALKELYGPVDPTFLHRFYSLKAAVHGWKMVVCDKVRSLKLSDNNCYLNAVIMTLDLLKDIKFVIPALQHAFMKHKGGDSTDFIALIMAYGNCTFGAPDDASRLLHTVLAKAELCCSARMVWREWCNVCGIKDVVLQGLKACCYVGVQTVEDLRARMTYVCQCGGERHRQLVEHTTPWLLLSGTPNEKLVTTSTAPDFVAFNVFQGIETAVGHYVHARLKGGLILKFDSGTVSKTSDWKCKVTDVLFPGQKYSSDCNVVRYSLDGNFRTEVDPDLSAFYVKDGKYFTSEPPVTYSPATILAGSVYTNSCLVSSDGQPGGDAISLSFNNLLGFDSSKPVTKKYTYSFLPKEDGDVLLAEFDTYDPIYKNGAMYKGKPILWVNKASYDTNLNKFNRASLRQIFDVAPIELENKFTPLSVESTPVEPPTVDVVALQQEMTIVKCKGLNKPFVKDNVSFVADDSGTPVVEYLSKEDLHTLYVDPKYQVIVLKDNVLSSMLRLHTVESGDINVVAASGSLTRKVKLLFRASFYFKEFATRTFTATTAVGSCIKSVVRHLGVTKGILTGCFSFAKMLFMLPLAYFSDSKLGTTEVKVSALKTAGVVTGNVVKQCCTAAVDLSMDKLRRVDWKSTLRLLLMLCTTMVLLSSVYHLYVFNQVLSSDVMFEDAQGLKKFYKEVRAYLGISSACDGLASAYRANSFDVPTFCANRSAMCNWCLISQDSITHYPALKMVQTHLSHYVLNIDWLWFAFETGLAYMLYTSAFNWLLLAGTLHYFFAQTSIFVDWRSYNYAVSSAFWLFTHIPMAGLVRMYNLLACLWLLRKFYQHVINGCKDTACLLCYKRNRLTRVEASTVVCGGKRTFYITANGGISFCRRHNWNCVDCDTAGVGNTFICEEVANDLTTALRRPINATDRSHYYVDSVTVKETVVQFNYRRDGQPFYERFPLCAFTNLDKLKFKEVCKTTTGIPEYNFIIYDSSDRGQESLARSACVYYSQVLCKSILLVDSSLVTSVGDSSEIATKMFDSFVNSFVSLYNVTRDKLEKLISTARDGVRRGDNFHSVLTTFIDAARGPAGVESDVETNEIVDSVQYAHKHDIQITNESYNNYVPSYVKPDSVSTSDLGSLIDCNAASVNQIVLRNSNGACIWNAAAYMKLSDALKRQIRIACRKCNLAFRLTTSKLRANDNILSVRFTANKIVGGAPTWFNALRDFTLKGYVLATIIVFLCAVLMYLCLPTFSMAPVEFYEDRILDFKVLDNGIIRDVNPDDKCFANKHRSFTQWYHEHVGGVYDNSITCPLTVAVIAGVAGARIPDVPTTLAWVNNQIIFFVSRVFANTGSVCYTPIDEIPYKSFSDSGCILPSECTMFRDAEGRMTPYCHDPTVLPGAFAYSQMRPHVRYDLYDGNMFIKFPEVVFESTLRITRTLSTQYCRFGSCEYAQEGVCITTNGSWAIFNDHHLNRPGVYCGSDFIDIVRRLAVSLFQPITYFQLTTSLVLGIGLCAFLTLLFYYINKVKRAFADYTQCAVIAVVAAVLNSLCICFVTSIPLCIVPYTALYYYATFYFTNEPAFIMHVSWYIMFGPIVPIWMTCVYTVAMCFRHFFWVLAYFSKKHVEVFTDGKLNCSFQDAASNIFVINKDTYAALRNSLTNDAYSRFLGLFNKYKYFSGAMETAAYREAAACHLAKALQTYSETGSDLLYQPPNCSITSGVLQSGLVKMSHPSGDVEACMVQVTCGSMTLNGLWLDNTVWCPRHVMCPADQLSDPNYDALLISMTNHSFSVQKHIGAPANLRVVGHAMQGTLLKLTVDVANPSTPAYTFTTVKPGAAFSVLACYNGRPTGTFTVVMRPNYTIKGSFLCGSCGSVGYTKEGSVINFCYMHQMELANGTHTGSAFDGTMYGAFMDKQVHQVQLTDKYCSVNVVAWLYAAILNGCAWFVKPNRTSVVSFNEWALANQFTEFVGTQSVDMLAVKTGVAIEQLLYAIQQLYTGFQGKQILGSTMLEDEFTPEDVNMQIMGVVMQSGVRKVTYGTAHWLFATLVSTYVIILQATKFTLWNYLFETIPTQLFPLLFVTMAFVMLLVKHKHTFLTLFLLPVAICLTYANIVYEPTTPISSALIAVANWLAPTNAYMRTTHTDIGVYISMSLVLVIVVKRLYNPSLSNFALALCSGVMWLYTYSIGEASSPIAYLVFVTTLTSDYTITVFVTVNLAKVCTYAIFAYSPQLTLVFPEVKMILLLYTCLGFMCTCYFGVFSLLNLKLRAPMGVYDFKVSTQEFRFMTANNLTAPRNSWEAMALNFKLIGIGGTPCIKVAAMQSKLTDLKCTSVVLLSVLQQLHLEANSRAWAFCVKCHNDILAATDPSEAFEKFVSLFATLMTFSGNVDLDALASDIFDTPSVLQATLSEFSHLATFAELEAAQKAYQEAMDSGDTSPQVLKALQKAVNIAKNAYEKDKAVARKLERMADQAMTSMYKQARAEDKKAKIVSAMQTMLFGMIKKLDNDVLNGIISNARNGCIPLSVIPLCASNKLRVVIPDFTVWNQVVTYPSLNYAGALWDITVINNVDNEIVKSSDVVDSNENLTWPLVLECTRASTSAVKLQNNEIKPSGLKTMVVSAGQEQTNCNTSSLAYYEPVQGRKMLMALLSDNAYLKWARVEGKDGFVSVELQPPCKFLIAGPKGPEIRYLYFVKNLNNLHRGQVLGHIAATVRLQAGSNTEFASNSSVLSLVNFTVDPQKAYLDFVNAGGAPLTNCVKMLTPKTGTGIAISVKPESTADQETYGGASVCLYCRAHIEHPDVSGVCKYKGKFVQIPAQCVRDPVGFCLSNTPCNVCQYWIGYGCNCDSLRQAALPQSKDSNFLNRVRGSIVNARIEPCSSGLSTDVVFRAFDICNYKAKVAGIGKYYKTNTCRFVELDDQGHHLDSYFVVKRHTMENYELEKHCYDLLRDCDAVAPHDFFIFDVDKVKTPHIVRQRLTEYTMMDLVYALRHFDQNSEVLKAILVKYGCCDVTYFENKLWFDFVENPSVIGVYHKLGERVRQAILNTVKFCDHMVKAGLVGVLTLDNQDLNGKWYDFGDFVITQPGSGVAIVDSYYSYLMPVLSMTDCLAAETHRDCDFNKPLIEWPLTEYDFTDYKVQLFEKYFKYWDQTYHANCVNCTDDRCVLHCANFNVLFAMTMPKTCFGPIVRKIFVDGVPFVVSCGYHYKELGLVMNMDVSLHRHRLSLKELMMYAADPAMHIASSNAFLDLRTSCFSVAALTTGLTFQTVRPGNFNQDFYDFVVSKGFFKEGSSVTLKHFFFAQDGNAAITDYNYYSYNLPTMCDIKQMLFCMEVVNKYFEIYDGGCLNASEVVVNNLDKSAGHPFNKFGKARVYYESMSYQEQDELFAMTKRNVIPTMTQMNLKYAISAKNRARTVAGVSILSTMTNRQYHQKMLKSMAATRGATCVIGTTKFYGGWDFMLKTLYKDVDNPHLMGWDYPKCDRAMPNMCRIFASLILARKHGTCCTTRDRFYRLANECAQVLSEYVLCGGGYYVKPGGTSSGDATTAYANSVFNILQATTANVSALMGANGNKIVDKEVKDMQFDLYVNVYRSTSPDPKFVDKYYAFLNKHFSMMILSDDGVVCYNSDYAAKGYIAGIQNFKETLYYQNNVFMSEAKCWVETDLKKGPHEFCSQHTLYIKDGDDGYFLPYPDPSRILSAGCFVDDIVKTDGTLMVERFVSLAIDAYPLTKHEDIEYQNVFWVYLQYIEKLYKDLTGHMLDSYSVMLCGDNSAKFWEEAFYRDLYSSPTTLQAVGSCVVCHSQTSLRCGTCIRRPFLCCKCCYDHVIATPHKMVLSVSPYVCNAPGCGVSDVTKLYLGGMSYFCVDHRPVCSFPLCANGLVFGLYKNMCTGSPSIVEFNRLATCDWTESGDYTLANTTTEPLKLFAAETLRATEEASKQSYAIATIKEIVGERQLLLVWEAGKSKPPLNRNYVFTGYHITKNSKVQLGEYIFERIDYSDAVSYKSSTTYKLTVGDIFVLTSHSVATLTAPTIVNQERYVKITGLYPTITVPEEFASHVANFQKSGYSKYVTVQGPPGTGKSHFAIGLAIYYPTARVVYTACSHAAVDALCEKAFKYLNIAKCSRIIPAKARVECYDRFKVNETNSQYLFSTINALPETSADILVVDEVSMCTNYDLSIINARIKAKHIVYVGDPAQLPAPRTLLTRGTLEPENFNSVTRLMCNLGPDIFLSMCYRCPKEIVSTVSALVYNNKLLAKKELSGQCFKILYKGNVTHDASSAINRPQLTFVKNFITANPAWSKAVFISPYNSQNAVSRSMLGLTTQTVDSSQGSEYQYVIFCQTADTAHANNINRFNVAITRAQKGILCVMTSQALFESLEFTELSFTNYKLQSQIVTGLFKDCSRETSGLSPAYAPTYVSVDDKYKTSDELCVNLNLPANVPYSRVISRMGFKLDATVPGYPKLFITREEAVRQVRSWIGFDVEGAHASRNACGTNVPLQLGFSTGVNFVVQPVGVVDTEWGNMLTGIAARPPPGEQFKHLVPLMHKGAAWPIVRRRIVQMLSDTLDKLSDYCTFVCWAHGFELTSASYFCKIGKEQKCCMCNRRAAAYSSPLQSYACWTHSCGYDYVYNPFFVDVQQWGYVGNLATNHDRYCSVHQGAHVASNDAIMTRCLAIHSCFIERVDWDIEYPYISHEKKLNSCCRIVERNVVRAALLAGSFDKVYDIGNPKGIPIVDDPVVDWHYFDAQPLTRKVQQLFYTEDMASRFADGLCLFWNCNVPKYPNNAIVCRFDTRVHSEFNLPGCDGGSLYVNKHAFHTPAYDVSAFRDLKPLPFFYYSTTPCEVHGNGSMIEDIDYVPLKSAVCITACNLGGAVCRKHATEYREYMEAYNLVSASGFRLWCYKTFDIYNLWSTFTKVQGLENIAFNVVKQGHFIGVEGELPVAVVNDKIFTKSGVNDICMFENKTTLPTNIAFELYAKRAVRSHPDFKLLHNLQADICYKFVLWDYERSNIYGTATIGVCKYTDIDVNSALNICFDIRDNCSLEKFMSTPNAIFISDRKIKKYPCMVGPDYAYFNGAIIRDSDVVKQPVKFYLYKKVNNEFIDPTECIYTQSRSCSDFLPLSDMEKDFLSFDSDVFIKKYGLENYAFEHVVYGDFSHTTLGGLHLLIGLYKKQQEGHIIMEEMLKGSSTIHNYFITETNTAAFKAVCSVIDLKLDDFVMILKSQDLGVVSKVVKVPIDLTMIEFMLWCKDGQVQTFYPRLQASADWKPGHAMPSLFKVQNVNLERCELANYKQSIPMPRGVHMNIAKYMQLCQYLNTCTLAVPANMRVIHFGAGSDKGIAPGTSVLRQWLPTDAIIIDNDLNEFVSDADITLFGDCVTVRVGQQVDLVISDMYDPTTKNVTGSNESKALFFTYLCNLINNNLALGGSVAIKITEHSWSVELYELMGKFAWWTVFCTNANASSSEGFLLGINYLGTIKENIDGGAMHANYIFWRNSTPMNLSTYSLFDLSKFQLKLKGTPVLQLKESQINELVISLLSQGKLLIRDNDTLSVSTDVLVNTYRKLR
NC_019843.3	RefSeq	mature_protein_region	13410,13433;13433,16207	orf1ab	nsp12 protein	YP_009047223.1	SKDSNFLNRVRGSIVNARIEPCSSGLSTDVVFRAFDICNYKAKVAGIGKYYKTNTCRFVELDDQGHHLDSYFVVKRHTMENYELEKHCYDLLRDCDAVAPHDFFIFDVDKVKTPHIVRQRLTEYTMMDLVYALRHFDQNSEVLKAILVKYGCCDVTYFENKLWFDFVENPSVIGVYHKLGERVRQAILNTVKFCDHMVKAGLVGVLTLDNQDLNGKWYDFGDFVITQPGSGVAIVDSYYSYLMPVLSMTDCLAAETHRDCDFNKPLIEWPLTEYDFTDYKVQLFEKYFKYWDQTYHANCVNCTDDRCVLHCANFNVLFAMTMPKTCFGPIVRKIFVDGVPFVVSCGYHYKELGLVMNMDVSLHRHRLSLKELMMYAADPAMHIASSNAFLDLRTSCFSVAALTTGLTFQTVRPGNFNQDFYDFVVSKGFFKEGSSVTLKHFFFAQDGNAAITDYNYYSYNLPTMCDIKQMLFCMEVVNKYFEIYDGGCLNASEVVVNNLDKSAGHPFNKFGKARVYYESMSYQEQDELFAMTKRNVIPTMTQMNLKYAISAKNRARTVAGVSILSTMTNRQYHQKMLKSMAATRGATCVIGTTKFYGGWDFMLKTLYKDVDNPHLMGWDYPKCDRAMPNMCRIFASLILARKHGTCCTTRDRFYRLANECAQVLSEYVLCGGGYYVKPGGTSSGDATTAYANSVFNILQATTANVSALMGANGNKIVDKEVKDMQFDLYVNVYRSTSPDPKFVDKYYAFLNKHFSMMILSDDGVVCYNSDYAAKGYIAGIQNFKETLYYQNNVFMSEAKCWVETDLKKGPHEFCSQHTLYIKDGDDGYFLPYPDPSRILSAGCFVDDIVKTDGTLMVERFVSLAIDAYPLTKHEDIEYQNVFWVYLQYIEKLYKDLTGHMLDSYSVMLCGDNSAKFWEEAFYRDLYSSPTTLQ
NC_019843.3	RefSeq	mature_protein_region	16208,18001	orf1ab	nsp13 protein	YP_009047224.1	AVGSCVVCHSQTSLRCGTCIRRPFLCCKCCYDHVIATPHKMVLSVSPYVCNAPGCGVSDVTKLYLGGMSYFCVDHRPVCSFPLCANGLVFGLYKNMCTGSPSIVEFNRLATCDWTESGDYTLANTTTEPLKLFAAETLRATEEASKQSYAIATIKEIVGERQLLLVWEAGKSKPPLNRNYVFTGYHITKNSKVQLGEYIFERIDYSDAVSYKSSTTYKLTVGDIFVLTSHSVATLTAPTIVNQERYVKITGLYPTITVPEEFASHVANFQKSGYSKYVTVQGPPGTGKSHFAIGLAIYYPTARVVYTACSHAAVDALCEKAFKYLNIAKCSRIIPAKARVECYDRFKVNETNSQYLFSTINALPETSADILVVDEVSMCTNYDLSIINARIKAKHIVYVGDPAQLPAPRTLLTRGTLEPENFNSVTRLMCNLGPDIFLSMCYRCPKEIVSTVSALVYNNKLLAKKELSGQCFKILYKGNVTHDASSAINRPQLTFVKNFITANPAWSKAVFISPYNSQNAVSRSMLGLTTQTVDSSQGSEYQYVIFCQTADTAHANNINRFNVAITRAQKGILCVMTSQALFESLEFTELSFTNYKLQ
NC_019843.3	RefSeq	mature_protein_region	18002,19573	orf1ab	nsp14 protein	YP_009047225.1	SQIVTGLFKDCSRETSGLSPAYAPTYVSVDDKYKTSDELCVNLNLPANVPYSRVISRMGFKLDATVPGYPKLFITREEAVRQVRSWIGFDVEGAHASRNACGTNVPLQLGFSTGVNFVVQPVGVVDTEWGNMLTGIAARPPPGEQFKHLVPLMHKGAAWPIVRRRIVQMLSDTLDKLSDYCTFVCWAHGFELTSASYFCKIGKEQKCCMCNRRAAAYSSPLQSYACWTHSCGYDYVYNPFFVDVQQWGYVGNLATNHDRYCSVHQGAHVASNDAIMTRCLAIHSCFIERVDWDIEYPYISHEKKLNSCCRIVERNVVRAALLAGSFDKVYDIGNPKGIPIVDDPVVDWHYFDAQPLTRKVQQLFYTEDMASRFADGLCLFWNCNVPKYPNNAIVCRFDTRVHSEFNLPGCDGGSLYVNKHAFHTPAYDVSAFRDLKPLPFFYYSTTPCEVHGNGSMIEDIDYVPLKSAVCITACNLGGAVCRKHATEYREYMEAYNLVSASGFRLWCYKTFDIYNLWSTFTKVQ
NC_019843.3	RefSeq	mature_protein_region	19574,20602	orf1ab	nsp15 protein	YP_009047226.1	GLENIAFNVVKQGHFIGVEGELPVAVVNDKIFTKSGVNDICMFENKTTLPTNIAFELYAKRAVRSHPDFKLLHNLQADICYKFVLWDYERSNIYGTATIGVCKYTDIDVNSALNICFDIRDNCSLEKFMSTPNAIFISDRKIKKYPCMVGPDYAYFNGAIIRDSDVVKQPVKFYLYKKVNNEFIDPTECIYTQSRSCSDFLPLSDMEKDFLSFDSDVFIKKYGLENYAFEHVVYGDFSHTTLGGLHLLIGLYKKQQEGHIIMEEMLKGSSTIHNYFITETNTAAFKAVCSVIDLKLDDFVMILKSQDLGVVSKVVKVPIDLTMIEFMLWCKDGQVQTFYPRLQ
NC_019843.3	RefSeq	mature_protein_region	20603,21511	orf1ab	nsp16 protein	YP_009047227.1	ASADWKPGHAMPSLFKVQNVNLERCELANYKQSIPMPRGVHMNIAKYMQLCQYLNTCTLAVPANMRVIHFGAGSDKGIAPGTSVLRQWLPTDAIIIDNDLNEFVSDADITLFGDCVTVRVGQQVDLVISDMYDPTTKNVTGSNESKALFFTYLCNLINNNLALGGSVAIKITEHSWSVELYELMGKFAWWTVFCTNANASSSEGFLLGINYLGTIKENIDGGAMHANYIFWRNSTPMNLSTYSLFDLSKFQLKLKGTPVLQLKESQINELVISLLSQGKLLIRDNDTLSVSTDVLVNTYRKLR
NC_019843.3	RefSeq	CDS	279,13454	orf1ab	1A polyprotein	YP_009047203.1	MSFVAGVTAQGARGTYRAALNSEKHQDHVSLTVPLCGSGNLVEKLSPWFMDGENAYEVVKAMLLKKEPLLYVPIRLAGHTRHLPGPRVYLVERLIACENPFMVNQLAYSSSANGSLVGTTLQGKPIGMFFPYDIELVTGKQNILLRKYGRGGYHYTPFHYERDNTSCPEWMDDFEADPKGKYAQNLLKKLIGGDVTPVDQYMCGVDGKPISAYAFLMAKDGITKLADVEADVAARADDEGFITLKNNLYRLVWHVERKDVPYPKQSIFTINSVVQKDGVENTPPHYFTLGCKILTLTPRNKWSGVSDLSLKQKLLYTFYGKESLENPTYIYHSAFIECGSCGNDSWLTGNAIQGFACGCGASYTANDVEVQSSGMIKPNALLCATCPFAKGDSCSSNCKHSVAQLVSYLSERCNVIADSKSFTLIFGGVAYAYFGCEEGTMYFVPRAKSVVSRIGDSIFTGCTGSWNKVTQIANMFLEQTQHSLNFVGEFVVNDVVLAILSGTTTNVDKIRQLLKGVTLDKLRDYLADYDVAVTAGPFMDNAINVGGTGLQYAAITAPYVVLTGLGESFKKVATIPYKVCNSVKDTLAYYAHSVLYRVFPYDMDSGVSSFSELLFDCVDLSVASTYFLVRILQDKTGDFMSTIITSCQTAVSKLLDTCFEATEATFNFLLDLAGLFRIFLRNAYVYTSQGFVVVNGKVSTLVKQVLDLLNKGMQLLHTKVSWAGSKIIAVIYSGRESLIFPSGTYYCVTTKAKSVQQDLDVILPGEFSKKQLGLLQPTDNSTTVSVTVSSNMVETVVGQLEQTNMHSPDVIVGDYVIISEKLFVRSKEEDGFAFYPACTNGHAVPTLFRLKGGAPVKKVAFGGDQVHEVAAVRSVTVEYNIHAVLDTLLASSSLRTFVVDKSLSIEEFADVVKEQVSDLLVKLLRGMPIPDFDLDDFIDAPCYCFNAEGDASWSSTMIFSLHPVECDEECSEVEASDLEEGESECISETSTEQVDVSHETSDDEWAAAVDEAFPLDEAEDVTESVQEEAQPVEVPVEDIAQVVIADTLQETPVVPDTVEVPPQVVKLPSAPQTIQPEVKEVAPVYEADTEQTQNVTVKPKRLRKKRNVDPLSNFEHKVITECVTIVLGDAIQVAKCYGESVLVNAANTHLKHGGGIAGAINAASKGAVQKESDEYILAKGPLQVGDSVLLQGHSLAKNILHVVGPDARAKQDVSLLSKCYKAMNAYPLVVTPLVSAGIFGVKPAVSFDYLIREAKTRVLVVVNSQDVYKSLTIVDIPQSLTFSYDGLRGAIRKAKDYGFTVFVCTDNSANTKVLRNKGVDYTKKFLTVDGVQYYCYTSKDTLDDILQQANKSVGIISMPLGYVSHGLDLMQAGSVVRRVNVPYVCLLANKEQEAILMSEDVKLNPSEDFIKHVRTNGGYNSWHLVEGELLVQDLRLNKLLHWSDQTICYKDSVFYVVKNSTAFPFETLSACRAYLDSRTTQQLTIEVLVTVDGVNFRTVVLNNKNTYRSQLGCVFFNGADISDTIPDEKQNGHSLYLADNLTADETKALKELYGPVDPTFLHRFYSLKAAVHGWKMVVCDKVRSLKLSDNNCYLNAVIMTLDLLKDIKFVIPALQHAFMKHKGGDSTDFIALIMAYGNCTFGAPDDASRLLHTVLAKAELCCSARMVWREWCNVCGIKDVVLQGLKACCYVGVQTVEDLRARMTYVCQCGGERHRQLVEHTTPWLLLSGTPNEKLVTTSTAPDFVAFNVFQGIETAVGHYVHARLKGGLILKFDSGTVSKTSDWKCKVTDVLFPGQKYSSDCNVVRYSLDGNFRTEVDPDLSAFYVKDGKYFTSEPPVTYSPATILAGSVYTNSCLVSSDGQPGGDAISLSFNNLLGFDSSKPVTKKYTYSFLPKEDGDVLLAEFDTYDPIYKNGAMYKGKPILWVNKASYDTNLNKFNRASLRQIFDVAPIELENKFTPLSVESTPVEPPTVDVVALQQEMTIVKCKGLNKPFVKDNVSFVADDSGTPVVEYLSKEDLHTLYVDPKYQVIVLKDNVLSSMLRLHTVESGDINVVAASGSLTRKVKLLFRASFYFKEFATRTFTATTAVGSCIKSVVRHLGVTKGILTGCFSFAKMLFMLPLAYFSDSKLGTTEVKVSALKTAGVVTGNVVKQCCTAAVDLSMDKLRRVDWKSTLRLLLMLCTTMVLLSSVYHLYVFNQVLSSDVMFEDAQGLKKFYKEVRAYLGISSACDGLASAYRANSFDVPTFCANRSAMCNWCLISQDSITHYPALKMVQTHLSHYVLNIDWLWFAFETGLAYMLYTSAFNWLLLAGTLHYFFAQTSIFVDWRSYNYAVSSAFWLFTHIPMAGLVRMYNLLACLWLLRKFYQHVINGCKDTACLLCYKRNRLTRVEASTVVCGGKRTFYITANGGISFCRRHNWNCVDCDTAGVGNTFICEEVANDLTTALRRPINATDRSHYYVDSVTVKETVVQFNYRRDGQPFYERFPLCAFTNLDKLKFKEVCKTTTGIPEYNFIIYDSSDRGQESLARSACVYYSQVLCKSILLVDSSLVTSVGDSSEIATKMFDSFVNSFVSLYNVTRDKLEKLISTARDGVRRGDNFHSVLTTFIDAARGPAGVESDVETNEIVDSVQYAHKHDIQITNESYNNYVPSYVKPDSVSTSDLGSLIDCNAASVNQIVLRNSNGACIWNAAAYMKLSDALKRQIRIACRKCNLAFRLTTSKLRANDNILSVRFTANKIVGGAPTWFNALRDFTLKGYVLATIIVFLCAVLMYLCLPTFSMAPVEFYEDRILDFKVLDNGIIRDVNPDDKCFANKHRSFTQWYHEHVGGVYDNSITCPLTVAVIAGVAGARIPDVPTTLAWVNNQIIFFVSRVFANTGSVCYTPIDEIPYKSFSDSGCILPSECTMFRDAEGRMTPYCHDPTVLPGAFAYSQMRPHVRYDLYDGNMFIKFPEVVFESTLRITRTLSTQYCRFGSCEYAQEGVCITTNGSWAIFNDHHLNRPGVYCGSDFIDIVRRLAVSLFQPITYFQLTTSLVLGIGLCAFLTLLFYYINKVKRAFADYTQCAVIAVVAAVLNSLCICFVTSIPLCIVPYTALYYYATFYFTNEPAFIMHVSWYIMFGPIVPIWMTCVYTVAMCFRHFFWVLAYFSKKHVEVFTDGKLNCSFQDAASNIFVINKDTYAALRNSLTNDAYSRFLGLFNKYKYFSGAMETAAYREAAACHLAKALQTYSETGSDLLYQPPNCSITSGVLQSGLVKMSHPSGDVEACMVQVTCGSMTLNGLWLDNTVWCPRHVMCPADQLSDPNYDALLISMTNHSFSVQKHIGAPANLRVVGHAMQGTLLKLTVDVANPSTPAYTFTTVKPGAAFSVLACYNGRPTGTFTVVMRPNYTIKGSFLCGSCGSVGYTKEGSVINFCYMHQMELANGTHTGSAFDGTMYGAFMDKQVHQVQLTDKYCSVNVVAWLYAAILNGCAWFVKPNRTSVVSFNEWALANQFTEFVGTQSVDMLAVKTGVAIEQLLYAIQQLYTGFQGKQILGSTMLEDEFTPEDVNMQIMGVVMQSGVRKVTYGTAHWLFATLVSTYVIILQATKFTLWNYLFETIPTQLFPLLFVTMAFVMLLVKHKHTFLTLFLLPVAICLTYANIVYEPTTPISSALIAVANWLAPTNAYMRTTHTDIGVYISMSLVLVIVVKRLYNPSLSNFALALCSGVMWLYTYSIGEASSPIAYLVFVTTLTSDYTITVFVTVNLAKVCTYAIFAYSPQLTLVFPEVKMILLLYTCLGFMCTCYFGVFSLLNLKLRAPMGVYDFKVSTQEFRFMTANNLTAPRNSWEAMALNFKLIGIGGTPCIKVAAMQSKLTDLKCTSVVLLSVLQQLHLEANSRAWAFCVKCHNDILAATDPSEAFEKFVSLFATLMTFSGNVDLDALASDIFDTPSVLQATLSEFSHLATFAELEAAQKAYQEAMDSGDTSPQVLKALQKAVNIAKNAYEKDKAVARKLERMADQAMTSMYKQARAEDKKAKIVSAMQTMLFGMIKKLDNDVLNGIISNARNGCIPLSVIPLCASNKLRVVIPDFTVWNQVVTYPSLNYAGALWDITVINNVDNEIVKSSDVVDSNENLTWPLVLECTRASTSAVKLQNNEIKPSGLKTMVVSAGQEQTNCNTSSLAYYEPVQGRKMLMALLSDNAYLKWARVEGKDGFVSVELQPPCKFLIAGPKGPEIRYLYFVKNLNNLHRGQVLGHIAATVRLQAGSNTEFASNSSVLSLVNFTVDPQKAYLDFVNAGGAPLTNCVKMLTPKTGTGIAISVKPESTADQETYGGASVCLYCRAHIEHPDVSGVCKYKGKFVQIPAQCVRDPVGFCLSNTPCNVCQYWIGYGCNCDSLRQAALPQSKDSNFLNESGVLL
NC_019843.3	RefSeq	mature_protein_region	279,857	orf1ab	nsp1 protein	YP_009047229.1	MSFVAGVTAQGARGTYRAALNSEKHQDHVSLTVPLCGSGNLVEKLSPWFMDGENAYEVVKAMLLKKEPLLYVPIRLAGHTRHLPGPRVYLVERLIACENPFMVNQLAYSSSANGSLVGTTLQGKPIGMFFPYDIELVTGKQNILLRKYGRGGYHYTPFHYERDNTSCPEWMDDFEADPKGKYAQNLLKKLIGG
NC_019843.3	RefSeq	mature_protein_region	858,2837	orf1ab	nsp2 protein	YP_009047230.1	DVTPVDQYMCGVDGKPISAYAFLMAKDGITKLADVEADVAARADDEGFITLKNNLYRLVWHVERKDVPYPKQSIFTINSVVQKDGVENTPPHYFTLGCKILTLTPRNKWSGVSDLSLKQKLLYTFYGKESLENPTYIYHSAFIECGSCGNDSWLTGNAIQGFACGCGASYTANDVEVQSSGMIKPNALLCATCPFAKGDSCSSNCKHSVAQLVSYLSERCNVIADSKSFTLIFGGVAYAYFGCEEGTMYFVPRAKSVVSRIGDSIFTGCTGSWNKVTQIANMFLEQTQHSLNFVGEFVVNDVVLAILSGTTTNVDKIRQLLKGVTLDKLRDYLADYDVAVTAGPFMDNAINVGGTGLQYAAITAPYVVLTGLGESFKKVATIPYKVCNSVKDTLAYYAHSVLYRVFPYDMDSGVSSFSELLFDCVDLSVASTYFLVRILQDKTGDFMSTIITSCQTAVSKLLDTCFEATEATFNFLLDLAGLFRIFLRNAYVYTSQGFVVVNGKVSTLVKQVLDLLNKGMQLLHTKVSWAGSKIIAVIYSGRESLIFPSGTYYCVTTKAKSVQQDLDVILPGEFSKKQLGLLQPTDNSTTVSVTVSSNMVETVVGQLEQTNMHSPDVIVGDYVIISEKLFVRSKEEDGFAFYPACTNGHAVPTLFRLKGG
NC_019843.3	RefSeq	mature_protein_region	2838,8498	orf1ab	nsp3 protein	YP_009047231.1	APVKKVAFGGDQVHEVAAVRSVTVEYNIHAVLDTLLASSSLRTFVVDKSLSIEEFADVVKEQVSDLLVKLLRGMPIPDFDLDDFIDAPCYCFNAEGDASWSSTMIFSLHPVECDEECSEVEASDLEEGESECISETSTEQVDVSHETSDDEWAAAVDEAFPLDEAEDVTESVQEEAQPVEVPVEDIAQVVIADTLQETPVVPDTVEVPPQVVKLPSAPQTIQPEVKEVAPVYEADTEQTQNVTVKPKRLRKKRNVDPLSNFEHKVITECVTIVLGDAIQVAKCYGESVLVNAANTHLKHGGGIAGAINAASKGAVQKESDEYILAKGPLQVGDSVLLQGHSLAKNILHVVGPDARAKQDVSLLSKCYKAMNAYPLVVTPLVSAGIFGVKPAVSFDYLIREAKTRVLVVVNSQDVYKSLTIVDIPQSLTFSYDGLRGAIRKAKDYGFTVFVCTDNSANTKVLRNKGVDYTKKFLTVDGVQYYCYTSKDTLDDILQQANKSVGIISMPLGYVSHGLDLMQAGSVVRRVNVPYVCLLANKEQEAILMSEDVKLNPSEDFIKHVRTNGGYNSWHLVEGELLVQDLRLNKLLHWSDQTICYKDSVFYVVKNSTAFPFETLSACRAYLDSRTTQQLTIEVLVTVDGVNFRTVVLNNKNTYRSQLGCVFFNGADISDTIPDEKQNGHSLYLADNLTADETKALKELYGPVDPTFLHRFYSLKAAVHGWKMVVCDKVRSLKLSDNNCYLNAVIMTLDLLKDIKFVIPALQHAFMKHKGGDSTDFIALIMAYGNCTFGAPDDASRLLHTVLAKAELCCSARMVWREWCNVCGIKDVVLQGLKACCYVGVQTVEDLRARMTYVCQCGGERHRQLVEHTTPWLLLSGTPNEKLVTTSTAPDFVAFNVFQGIETAVGHYVHARLKGGLILKFDSGTVSKTSDWKCKVTDVLFPGQKYSSDCNVVRYSLDGNFRTEVDPDLSAFYVKDGKYFTSEPPVTYSPATILAGSVYTNSCLVSSDGQPGGDAISLSFNNLLGFDSSKPVTKKYTYSFLPKEDGDVLLAEFDTYDPIYKNGAMYKGKPILWVNKASYDTNLNKFNRASLRQIFDVAPIELENKFTPLSVESTPVEPPTVDVVALQQEMTIVKCKGLNKPFVKDNVSFVADDSGTPVVEYLSKEDLHTLYVDPKYQVIVLKDNVLSSMLRLHTVESGDINVVAASGSLTRKVKLLFRASFYFKEFATRTFTATTAVGSCIKSVVRHLGVTKGILTGCFSFAKMLFMLPLAYFSDSKLGTTEVKVSALKTAGVVTGNVVKQCCTAAVDLSMDKLRRVDWKSTLRLLLMLCTTMVLLSSVYHLYVFNQVLSSDVMFEDAQGLKKFYKEVRAYLGISSACDGLASAYRANSFDVPTFCANRSAMCNWCLISQDSITHYPALKMVQTHLSHYVLNIDWLWFAFETGLAYMLYTSAFNWLLLAGTLHYFFAQTSIFVDWRSYNYAVSSAFWLFTHIPMAGLVRMYNLLACLWLLRKFYQHVINGCKDTACLLCYKRNRLTRVEASTVVCGGKRTFYITANGGISFCRRHNWNCVDCDTAGVGNTFICEEVANDLTTALRRPINATDRSHYYVDSVTVKETVVQFNYRRDGQPFYERFPLCAFTNLDKLKFKEVCKTTTGIPEYNFIIYDSSDRGQESLARSACVYYSQVLCKSILLVDSSLVTSVGDSSEIATKMFDSFVNSFVSLYNVTRDKLEKLISTARDGVRRGDNFHSVLTTFIDAARGPAGVESDVETNEIVDSVQYAHKHDIQITNESYNNYVPSYVKPDSVSTSDLGSLIDCNAASVNQIVLRNSNGACIWNAAAYMKLSDALKRQIRIACRKCNLAFRLTTSKLRANDNILSVRFTANKIVGG
NC_019843.3	RefSeq	mature_protein_region	8499,10019	orf1ab	nsp4 protein	YP_009047232.1	APTWFNALRDFTLKGYVLATIIVFLCAVLMYLCLPTFSMAPVEFYEDRILDFKVLDNGIIRDVNPDDKCFANKHRSFTQWYHEHVGGVYDNSITCPLTVAVIAGVAGARIPDVPTTLAWVNNQIIFFVSRVFANTGSVCYTPIDEIPYKSFSDSGCILPSECTMFRDAEGRMTPYCHDPTVLPGAFAYSQMRPHVRYDLYDGNMFIKFPEVVFESTLRITRTLSTQYCRFGSCEYAQEGVCITTNGSWAIFNDHHLNRPGVYCGSDFIDIVRRLAVSLFQPITYFQLTTSLVLGIGLCAFLTLLFYYINKVKRAFADYTQCAVIAVVAAVLNSLCICFVTSIPLCIVPYTALYYYATFYFTNEPAFIMHVSWYIMFGPIVPIWMTCVYTVAMCFRHFFWVLAYFSKKHVEVFTDGKLNCSFQDAASNIFVINKDTYAALRNSLTNDAYSRFLGLFNKYKYFSGAMETAAYREAAACHLAKALQTYSETGSDLLYQPPNCSITSGVLQ
NC_019843.3	RefSeq	mature_protein_region	10020,10937	orf1ab	nsp5 protein	YP_009047233.1	SGLVKMSHPSGDVEACMVQVTCGSMTLNGLWLDNTVWCPRHVMCPADQLSDPNYDALLISMTNHSFSVQKHIGAPANLRVVGHAMQGTLLKLTVDVANPSTPAYTFTTVKPGAAFSVLACYNGRPTGTFTVVMRPNYTIKGSFLCGSCGSVGYTKEGSVINFCYMHQMELANGTHTGSAFDGTMYGAFMDKQVHQVQLTDKYCSVNVVAWLYAAILNGCAWFVKPNRTSVVSFNEWALANQFTEFVGTQSVDMLAVKTGVAIEQLLYAIQQLYTGFQGKQILGSTMLEDEFTPEDVNMQIMGVVMQ
NC_019843.3	RefSeq	mature_protein_region	10938,11813	orf1ab	nsp6 protein	YP_009047234.1	SGVRKVTYGTAHWLFATLVSTYVIILQATKFTLWNYLFETIPTQLFPLLFVTMAFVMLLVKHKHTFLTLFLLPVAICLTYANIVYEPTTPISSALIAVANWLAPTNAYMRTTHTDIGVYISMSLVLVIVVKRLYNPSLSNFALALCSGVMWLYTYSIGEASSPIAYLVFVTTLTSDYTITVFVTVNLAKVCTYAIFAYSPQLTLVFPEVKMILLLYTCLGFMCTCYFGVFSLLNLKLRAPMGVYDFKVSTQEFRFMTANNLTAPRNSWEAMALNFKLIGIGGTPCIKVAAMQ
NC_019843.3	RefSeq	mature_protein_region	11814,12062	orf1ab	nsp7 protein	YP_009047235.1	SKLTDLKCTSVVLLSVLQQLHLEANSRAWAFCVKCHNDILAATDPSEAFEKFVSLFATLMTFSGNVDLDALASDIFDTPSVLQ
NC_019843.3	RefSeq	mature_protein_region	12063,12659	orf1ab	nsp8 protein	YP_009047236.1	ATLSEFSHLATFAELEAAQKAYQEAMDSGDTSPQVLKALQKAVNIAKNAYEKDKAVARKLERMADQAMTSMYKQARAEDKKAKIVSAMQTMLFGMIKKLDNDVLNGIISNARNGCIPLSVIPLCASNKLRVVIPDFTVWNQVVTYPSLNYAGALWDITVINNVDNEIVKSSDVVDSNENLTWPLVLECTRASTSAVKLQ
NC_019843.3	RefSeq	mature_protein_region	12660,12989	orf1ab	nsp9 protein	YP_009047237.1	NNEIKPSGLKTMVVSAGQEQTNCNTSSLAYYEPVQGRKMLMALLSDNAYLKWARVEGKDGFVSVELQPPCKFLIAGPKGPEIRYLYFVKNLNNLHRGQVLGHIAATVRLQ
NC_019843.3	RefSeq	mature_protein_region	12990,13409	orf1ab	nsp10 protein	YP_009047238.1	AGSNTEFASNSSVLSLVNFTVDPQKAYLDFVNAGGAPLTNCVKMLTPKTGTGIAISVKPESTADQETYGGASVCLYCRAHIEHPDVSGVCKYKGKFVQIPAQCVRDPVGFCLSNTPCNVCQYWIGYGCNCDSLRQAALPQ
NC_019843.3	RefSeq	mature_protein_region	13410,13451	orf1ab	nsp11 protein	YP_009047228.1	SKDSNFLNESGVLL
NC_019843.3	RefSeq	CDS	21456,25517	S	spike glycoprotein	YP_009047204.1	MIHSVFLLMFLLTPTESYVDVGPDSVKSACIEVDIQQTFFDKTWPRPIDVSKADGIIYPQGRTYSNITITYQGLFPYQGDHGDMYVYSAGHATGTTPQKLFVANYSQDVKQFANGFVVRIGAAANSTGTVIISPSTSATIRKIYPAFMLGSSVGNFSDGKMGRFFNHTLVLLPDGCGTLLRAFYCILEPRSGNHCPAGNSYTSFATYHTPATDCSDGNYNRNASLNSFKEYFNLRNCTFMYTYNITEDEILEWFGITQTAQGVHLFSSRYVDLYGGNMFQFATLPVYDTIKYYSIIPHSIRSIQSDRKAWAAFYVYKLQPLTFLLDFSVDGYIRRAIDCGFNDLSQLHCSYESFDVESGVYSVSSFEAKPSGSVVEQAEGVECDFSPLLSGTPPQVYNFKRLVFTNCNYNLTKLLSLFSVNDFTCSQISPAAIASNCYSSLILDYFSYPLSMKSDLSVSSAGPISQFNYKQSFSNPTCLILATVPHNLTTITKPLKYSYINKCSRLLSDDRTEVPQLVNANQYSPCVSIVPSTVWEDGDYYRKQLSPLEGGGWLVASGSTVAMTEQLQMGFGITVQYGTDTNSVCPKLEFANDTKIASQLGNCVEYSLYGVSGRGVFQNCTAVGVRQQRFVYDAYQNLVGYYSDDGNYYCLRACVSVPVSVIYDKETKTHATLFGSVACEHISSTMSQYSRSTRSMLKRRDSTYGPLQTPVGCVLGLVNSSLFVEDCKLPLGQSLCALPDTPSTLTPRSVRSVPGEMRLASIAFNHPIQVDQLNSSYFKLSIPTNFSFGVTQEYIQTTIQKVTVDCKQYVCNGFQKCEQLLREYGQFCSKINQALHGANLRQDDSVRNLFASVKSSQSSPIIPGFGGDFNLTLLEPVSISTGSRSARSAIEDLLFDKVTIADPGYMQGYDDCMQQGPASARDLICAQYVAGYKVLPPLMDVNMEAAYTSSLLGSIAGVGWTAGLSSFAAIPFAQSIFYRLNGVGITQQVLSENQKLIANKFNQALGAMQTGFTTTNEAFQKVQDAVNNNAQALSKLASELSNTFGAISASIGDIIQRLDVLEQDAQIDRLINGRLTTLNAFVAQQLVRSESAALSAQLAKDKVNECVKAQSKRSGFCGQGTHIVSFVVNAPNGLYFMHVGYYPSNHIEVVSAYGLCDAANPTNCIAPVNGYFIKTNNTRIVDEWSYTGSSFYAPEPITSLNTKYVAPQVTYQNISTNLPPPLLGNSTGIDFQDELDEFFKNVSTSIPNFGSLTQINTTLLDLTYEMLSLQQVVKALNESYIDLKELGNYTYYNKWPWYIWLGFIAGLVALALCVFFILCCTGCGTNCMGKLKCNRCCDRYEEYDLEPHKVHVH
NC_019843.3	RefSeq	CDS	25532,25843	orf3	NS3 protein	YP_009047205.1	MRVQRPPTLLLVFSLSLLVTASSKPLYVPEHCQNYSGCMLRACIKTAQADTAGLYTNFRIDVPSAESTGTQSVSVDLESTSTHDGPTEHVTSVNLFDVGYSVN
NC_019843.3	RefSeq	CDS	25852,26181	orf4a	NS4A protein	YP_009047206.1	MDYVSLLNQIWQKYLNSPYTTCLYIPKPTAKYTPLVGTSLHPVLWNCQLSFAGYTESAVNSTKALAKQDAAQRIAWLLHKDGGIPDGCSLYLRHSSLFAQSEEEEPFSN
NC_019843.3	RefSeq	CDS	26093,26833	orf4b	NS4B protein	YP_009047207.1	MEESLMDVPSTSGTQVYSRKARKRSHSPTKKLRYVKRRFSLLRHEDLSVIVQPTHYVRVTFSDPNMWYLRSGHHLHSVHNWLKPYGGQPVSEYHITLALLNLTDEDLARDFSPIALFLRNVRFELHEFALLRKTLVLNASEIYCANIHRFKPVYRVNTAIPTIKDWLLVQGFSLYHSGLPLHMSISKLHALDDVTRNYIITMPCFRTYPQQMFVTPLAVDVVSIRSSNQGNKQIVHSYPILHHPGF
NC_019843.3	RefSeq	CDS	26840,27514	orf5	NS5 protein	YP_009047208.1	MAFSASLFKPVQLVPVSPAFHRIESTDSIVFTYIPASGYVAALAVNVCLIPLLLLLRQDTCRRSIIRTMVLYFLVLYNFLLAIVLVNGVHYPTGSCLIAFLVILIILWFVDRIRFCLMLNSYIPLFDMRSHFIRVSTVSSHGMVPVIHTKPLFIRNFDQRCSCSRCFYLHSSTYIECTYISRFSKISLVSVTDFSLNGNVSTVFVPATRDSVPLHIIAPSSLIV
NC_019843.3	RefSeq	CDS	27590,27838	E	envelope protein	YP_009047209.1	MLPFVQERIGLFIVNFFIFTVVCAITLLVCMAFLTATRLCVQCMTGFNTLLVQPALYLYNTGRSVYVKFQDSKPPLPPDEWV
NC_019843.3	RefSeq	CDS	27853,28512	M	membrane protein	YP_009047210.1	MSNMTQLTEAQIIAIIKDWNFAWSLIFLLITIVLQYGYPSRSMTVYVFKMFVLWLLWPSSMALSIFSAVYPIDLASQIISGIVAAVSAMMWISYFVQSIRLFMRTGSWWSFNPETNCLLNVPFGGTTVVRPLVEDSTSVTAVVTNGHLKMAGMHFGACDYDRLPNEVTVAKPNVLIALKMVKRQSYGTNSGVAIYHRYKAGNYRSPPITADIELALLRA
NC_019843.3	RefSeq	CDS	28566,29807	N	nucleoprotein	YP_009047211.1	MASPAAPRAVSFADNNDITNTNLSRGRGRNPKPRAAPNNTVSWYTGLTQHGKVPLTFPPGQGVPLNANSTPAQNAGYWRRQDRKINTGNGIKQLAPRWYFYYTGTGPEAALPFRAVKDGIVWVHEDGATDAPSTFGTRNPNNDSAIVTQFAPGTKLPKNFHIEGTGGNSQSSSRASSLSRNSSRSSSQGSRSGNSTRGTSPGPSGIGAVGGDLLYLDLLNRLQALESGKVKQSQPKVITKKDAAAAKNKMRHKRTSTKSFNMVQAFGLRGPGDLQGNFGDLQLNKLGTEDPRWPQIAELAPTASAFMGMSQFKLTHQNNDDHGNPVYFLRYSGAIKLDPKNPNYNKWLELLEQNIDAYKTFPKKEKKQKAPKEESTDQMSEPPKEQRVQGSITQRTRTRPSVQPGPMIDVNTD
NC_019843.3	RefSeq	CDS	28762,29100	orf8b	ORF8b protein	YP_009047212.1	MPILPLRKMLGIGGDRTEKLIPGMELSNWLPGGTSTTLELDPKQHSHSGLLRMASFGSMKMAPLMLLQLLGRGTLTMIQLLLHNSRPVLSFLKTSTLRGLEAIVNHLQEPLA
